{
    "TargetList": [
        {
            "Name": "Unknown",
            "FloorNumber": 0,
            "Position": {
                "x": 0.0,
                "y": 0.0,
                "z": 0.0
            },
            "Rotation": {
                "x": 0.0,
                "y": 0.0,
                "z": 0.0
            }
        },
        {
            "Name": "RandomTest_184837",
            "FloorNumber": 0,
            "Position": {
                "x": 0.6469764709472656,
                "y": 2.9832003116607668,
                "z": -0.2844514846801758
            },
            "Rotation": {
                "x": 0.0,
                "y": 0.0,
                "z": 0.0
            }
        },
        {
            "Name": "RandomTest_185125",
            "FloorNumber": 0,
            "Position": {
                "x": -5.254368782043457,
                "y": 3.6156606674194338,
                "z": -7.502026081085205
            },
            "Rotation": {
                "x": 0.0,
                "y": 0.0,
                "z": 0.0
            }
        },
        {
            "Name": "test",
            "FloorNumber": 0,
            "Position": {
                "x": 123.0,
                "y": 123.0,
                "z": 123.0
            },
            "Rotation": {
                "x": 0.0,
                "y": 0.0,
                "z": 0.0
            }
        }
    ]
}